id_usuario,nome,cpf,email,telefone,genero,profissao,data_nascimento,jogos_favoritos,times_favoritos,eventos_participados,compras_esports,frequencia_esports,produtos_desejados,data_criacao
1,João Silva,123.456.789-19,joao.silva@email.com,(11) 91234-5678,Masculino,Engenheiro,1985/03/15,"LOL,CS","FURIA,LOUD",IEM Rio 2023,Sim,Diariamente,"Camisa FURIA, Boné LOUD",
2,Ana Beatriz Rocha,987.654.321-10,ana.rocha@email.com,,Feminino,Advogada,1992/07/22,Valorant,LOUD,,Não,Não Assisto,"Moletom FURIA, Caneca",
3,Carlos Eduardo Pereira,111.222.333-44,carlos.pereira@email.com,(21) 93456-7890,Masculino,,2000/05/15,"CS,FF","INTZ,MIBR","CBLOL 2023, Major Paris",Sim,Eventos Importantes,Camisa autografada,
4,Mariana Santos,555.666.777-88,mariana.s@email.com,,Feminino,Designer,1998/12/03,Rocket League,FURIA,,Sim,Nos fim de semana,"Poster LED, Chaveiro",
5,Pedro Henrique Alves,999.888.777-66,pedro.alves@email.com,(31) 94567-1234,Masculino,Médico,1987/04/18,LOL,paiN Gaming,IEM Katowice 2024,Não,Não Assisto,,
6,Juliana Oliveira,444.333.222-11,juliana.o@email.com,,Feminino,Professora,2002/09/25,"Valorant,FF","LOUD,FURIA",,Sim,Diariamente,Headset gamer,
7,Rafael Costa,222.333.444-55,rafael.costa@email.com,(19) 97865-4321,Masculino,,1995/11/30,CS,MIBR,ESL Pro League S19,Não,Eventos Importantes,Mousepad personalizado,
8,Fernanda Lima,777.888.999-00,fernanda.l@email.com,,Feminino,Engenheira,1990/02/14,"LOL,Rocket League",INTZ,,Sim,Nos fim de semana,Agasalho FURIA,
9,Lucas Martins,123.987.456-32,lucas.m@email.com,(48) 91234-5678,Masculino,Desenvolvedor,2001/08/12,FF,"FURIA,LOUD",Campeonato Brasileiro 2024,Sim,Diariamente,Tênis edição limitada,
10,Amanda Souza,456.789.123-78,amanda.s@email.com,,Feminino,Jornalista,1988/06/22,Valorant,MIBR,,Não,Não Assisto,Caneca térmica,
11,Diego Ramos,654.321.987-00,diego.ramos@email.com,(11) 92345-6789,Masculino,Fotógrafo,1993/03/08,"CS,Valorant","INTZ,paiN Gaming",IEM Sydney 2023,Sim,Eventos Importantes,Camisa oficial,
12,Carolina Ferreira,321.654.987-11,carolina.f@email.com,,Feminino,,2005/04/17,Rocket League,LOUD,,Não,Nos fim de semana,Boné com LED,
13,Gabriel Castro,789.123.456-99,gabriel.c@email.com,(27) 99876-5432,Masculino,Estudante,2006/12/25,"LOL,FF",FURIA,CBLOL 2023,Sim,Diariamente,Mochila térmica,
14,Patrícia Nunes,159.753.486-20,patricia.n@email.com,,Feminino,Dentista,1984/07/19,CS,"MIBR,INTZ",,Não,Não Assisto,,
15,Rodrigo Silva,357.951.824-63,rodrigo.s@email.com,(31) 94567-8901,Masculino,,1997/01/05,"Valorant,Rocket League",LOUD,Major Rio 2024,Sim,Eventos Importantes,Fones de ouvido,
16,Isabela Santos,258.369.147-25,isabela.s@email.com,,Feminino,Psicóloga,1999/10/31,FF,FURIA,,Sim,Nos fim de semana,Camiseta casual,
17,Thiago Oliveira,147.258.369-14,thiago.o@email.com,(21) 95678-1234,Masculino,Empresário,1980/09/12,LOL,paiN Gaming,,Não,Não Assisto,Caneca de cerâmica,
18,Luana Pereira,369.258.147-36,luana.p@email.com,,Feminino,,2003/05/28,"CS,Valorant","INTZ,MIBR",ESL Challenger 2024,Sim,Diariamente,Capa para celular,
19,Vinicius Costa,753.159.486-20,vinicius.c@email.com,(19) 96789-1234,Masculino,Designer,1994/08/15,Rocket League,"LOUD,FURIA",,Não,Eventos Importantes,,
20,Larissa Martins,852.741.963-00,larissa.m@email.com,,Feminino,Enfermeira,1991/11/10,FF,FURIA,,Sim,Nos fim de semana,Garrafa térmica,
21,Lucas Gonçalves,963.852.741-99,lucas.g@email.com,(11) 94567-8901,Masculino,Jogador,1998/04/12,"FF,outro","FURIA,INTZ",CBLOL 2024,Sim,Diariamente,"Camisa autografada, Adesivos",
22,Clara Duarte,741.852.963-00,clara.d@email.com,,Feminino,,2002/07/19,Valorant,LOUD,IEM Katowice 2023,Não,Não Assisto,Caneca de edição limitada,
23,André Ribeiro,852.963.741-11,andre.r@email.com,(21) 97894-5612,Masculino,Streamer,1996/09/25,"LOL,CS","paiN Gaming,LOUD",,Sim,Eventos Importantes,Headset com RGB,
24,Marina Castro,123.456.781-09,marina.c@email.com,,Feminino,Dentista,1989/12/01,Rocket League,FURIA,ESL Pro League S18,Sim,Nos fim de semana,Moletom com capuz,
25,Vitor Hugo Pereira,456.123.789-32,vitor.h@email.com,(31) 92345-6789,Masculino,,2004/03/08,"CS,Valorant","MIBR,INTZ",,Não,Não Assisto,,
26,Sofia Martins,789.321.654-99,sofia.m@email.com,,Feminino,Designer,1995/06/14,"LOL,FF","LOUD,FURIA",Major Rio 2023,Sim,Diariamente,Tênis colecionável,
27,Gustavo Henrique,654.987.321-45,gustavo.h@email.com,(19) 93456-7890,Masculino,Engenheiro,1987/08/22,Rocket League,Team Liquid,,Não,Eventos Importantes,Camisa retro,
28,Larissa Freitas,321.789.654-88,larissa.f@email.com,,Feminino,Psicóloga,1993/11/11,"Valorant,CS",INTZ,IEM Sydney 2024,Sim,Nos fim de semana,Garrafa inteligente,
29,Rodrigo Santos,587.654.321-00,rodrigo.s@email.com,(27) 94567-1234,Masculino,,2000/02/29,FF,"FURIA,LOUD",Campeonato Brasileiro 2024,Não,Não Assisto,Poster emoldurado,
30,Isabela Rocha,159.487.263-55,isabela.r@email.com,,Feminino,Professora,1999/05/17,"LOL,Valorant",paiN Gaming,,Sim,Diariamente,Capa para notebook,
31,Felipe Nogueira,357.159.486-22,felipe.n@email.com,(11) 91234-8765,Masculino,Fotógrafo,1991/10/03,CS,MIBR,ESL Challenger 2023,Sim,Eventos Importantes,Mouse gamer,
32,Ana Júlia Alves,753.951.824-86,ana.j@email.com,,Feminino,,2005/01/30,"Rocket League,FF",LOUD,,Não,Nos fim de semana,Chaveiro de pelúcia,
33,Diego Souza,258.147.369-77,diego.s@email.com,(31) 95678-4321,Masculino,Desenvolvedor,1984/04/25,"LOL,CS,Valorant","FURIA,INTZ",CBLOL 2023,Sim,Diariamente,Monitor curvo,
34,Carolina Lima,147.258.369-88,carolina.l@email.com,,Feminino,Jornalista,1997/07/07,Valorant,"LOUD,MIBR",,Não,Não Assisto,Livro de estratégias,
35,Rafael Barbosa,369.258.147-99,rafael.b@email.com,(19) 96789-1234,Masculino,,1994/12/12,FF,FURIA,Major Paris 2023,Sim,Eventos Importantes,Webcam 4K,
36,Luiza Fernandes,789.456.123-11,luiza.f@email.com,,Feminino,Advogada,2001/09/09,"LOL,Rocket League","paiN Gaming,LOUD",,Sim,Nos fim de semana,Fone Bluetooth,
37,Thiago Castro,123.789.456-22,thiago.c@email.com,(21) 93456-7890,Masculino,Médico,1986/06/06,"CS,Valorant",INTZ,IEM Rio 2024,Não,Não Assisto,Suporte para headset,
38,Amanda Costa,456.321.987-33,amanda.c@email.com,,Feminino,,1992/03/18,FF,"FURIA,LOUD",,Sim,Diariamente,Luminária gamer,
39,Pedro Lucas Almeida,654.123.789-44,pedro.l@email.com,(48) 92345-6789,Masculino,Estudante,2006/08/24,Rocket League,Team Liquid,ESL Pro League S19,Sim,Eventos Importantes,Teclado mecânico,
40,Laura Mendes,987.123.654-55,laura.m@email.com,,Feminino,Designer,1990/05/05,"LOL,CS",MIBR,,Não,Nos fim de semana,Pulseira inteligente,
41,Gabriel Rocha,321.654.987-66,gabriel.r@email.com,(11) 94567-8901,Masculino,,1998/02/14,"Valorant,FF","LOUD,FURIA",Campeonato Mundial 2023,Sim,Diariamente,Cadeira ergonômica,
42,Beatriz Nunes,852.741.963-77,beatriz.n@email.com,,Feminino,Enfermeira,1995/10/31,Rocket League,INTZ,,Não,Não Assisto,Mochila com USB,
43,Leonardo Silva,741.963.852-88,leonardo.s@email.com,(27) 97894-5612,Masculino,Empresário,1983/07/23,"LOL,CS",paiN Gaming,IEM Katowice 2024,Sim,Eventos Importantes,Hub USB,
44,Mariana Oliveira,159.753.486-99,mariana.o@email.com,,Feminino,,2003/04/16,Valorant,FURIA,,Sim,Nos fim de semana,Tapete de mouse,
45,Enzo Gabriel Pereira,357.951.824-00,enzo.g@email.com,(31) 92345-6789,Masculino,Streamer,2004/11/27,"FF,outro","LOUD,INTZ",CBLOL 2024,Não,Não Assisto,Cabo RGB,
46,Sophia Costa,753.159.486-11,sophia.c@email.com,,Feminino,Psicóloga,1996/09/12,"LOL,Valorant",MIBR,,Sim,Diariamente,Carregador portátil,
47,Matheus Henrique,951.524.753-22,matheus.h@email.com,(19) 93456-7890,Masculino,,1999/01/19,CS,FURIA,Major Rio 2024,Sim,Eventos Importantes,Suporte para monitor,
48,Lívia Souza,874.753.951-33,livia.s@email.com,,Feminino,Arquiteta,1991/08/08,Rocket League,LOUD,,Não,Nos fim de semana,Estojo para acessórios,
49,Vinícius Santos,751.951.824-44,vinicius.s@email.com,(21) 94567-1234,Masculino,Fotógrafo,1988/12/25,"LOL,FF","paiN Gaming,FURIA",ESL Challenger 2024,Sim,Diariamente,Kit de limpeza,
50,Helena Fernandes,951.753.824-56,helena.f@email.com,,Feminino,,2002/06/06,Valorant,INTZ,,Não,Não Assisto,Pôsteres vintage,
51,Arthur Gomes,824.951.753-66,arthur.g@email.com,(31) 95678-4321,Masculino,Desenvolvedor,1997/03/30,"CS,Valorant","MIBR,LOUD",,Sim,Eventos Importantes,Microfone condensador,
52,Yasmin Lima,753.824.951-77,yasmin.l@email.com,,Feminino,Professora,1994/05/15,Rocket League,FURIA,IEM Rio 2023,Sim,Nos fim de semana,Filtro de webcam,
53,Igor Almeida,951.753.824-88,igor.a@email.com,(11) 91234-5678,Masculino,,2000/07/18,"LOL,FF",LOUD,,Não,Não Assisto,Capinha para controle,
54,Eduarda Castro,824.753.951-90,eduarda.c@email.com,,Feminino,Advogada,1993/09/21,Valorant,"INTZ,FURIA",CBLOL 2023,Sim,Diariamente,Câmera de ação,
55,Breno Oliveira,753.971.824-00,breno.o@email.com,(19) 96789-1234,Masculino,Jogador,2005/02/14,CS,MIBR,,Sim,Eventos Importantes,Óculos gamer,
56,Letícia Santos,950.824.753-11,leticia.s@email.com,,Feminino,,1998/10/09,"Rocket League,FF",LOUD,,Não,Nos fim de semana,Fita LED,
57,Kaique Pereira,824.753.951-22,kaique.p@email.com,(27) 93456-7890,Masculino,Designer,2001/04/03,"LOL,Valorant",FURIA,Major Paris 2024,Sim,Diariamente,Suporte para celular,
58,Alícia Rocha,753.951.825-33,alicia.r@email.com,,Feminino,Enfermeira,1996/11/26,CS,INTZ,,Não,Não Assisto,Adesivo de parede,
59,Davi Lucca Mendes,952.824.753-44,davi.l@email.com,(31) 94567-8901,Masculino,,1992/08/17,FF,"LOUD,FURIA",ESL Pro League S19,Sim,Eventos Importantes,Miniatura de personagem,
60,Lorena Costa,823.753.951-55,lorena.c@email.com,,Feminino,Jornalista,1999/12/31,"Valorant,Rocket League",MIBR,,Sim,Nos fim de semana,Porta-copos temático,
61,João Pedro Alves,754.951.824-66,joao.p@email.com,(11) 92345-6789,Masculino,Estudante,2004/05/28,"LOL,CS",paiN Gaming,,Não,Não Assisto,Pôster holográfico,
62,Ana Clara Souza,951.824.753-77,ana.c@email.com,,Feminino,,1995/02/14,FF,FURIA,Campeonato Mundial 2024,Sim,Diariamente,Luminária de mesa,
63,Ryan Ferreira,824.753.951-88,ryan.f@email.com,(21) 97894-5612,Masculino,Streamer,2003/07/07,Valorant,"LOUD,INTZ",,Sim,Eventos Importantes,Caixa de som,
64,Luana Santos,753.951.824-99,luana.s@email.com,,Feminino,Psicóloga,1990/09/09,Rocket League,FURIA,,Não,Nos fim de semana,Organizador de cabos,
65,Gustavo Henrique,951.824.753-00,gustavo.h@email.com,(19) 93456-7890,Masculino,,1997/04/12,"CS,Valorant",MIBR,IEM Sydney 2023,Sim,Diariamente,Suporte para fones,
66,Mariana Lima,824.753.951-11,mariana.l@email.com,,Feminino,Dentista,2000/06/15,"LOL,FF","LOUD,FURIA",,Não,Não Assisto,Almofada ergonômica,
67,Pedro Henrique,753.951.824-22,pedro.h@email.com,(31) 94567-1234,Masculino,Engenheiro,1989/03/18,Rocket League,INTZ,ESL Challenger 2024,Sim,Eventos Importantes,Mesa regulável,
68,Sarah Oliveira,951.824.753-33,sarah.o@email.com,,Feminino,,1994/10/22,Valorant,paiN Gaming,,Sim,Nos fim de semana,Caneta stylus,
69,Enzo Santos,824.753.951-44,enzo.s@email.com,(27) 92345-6789,Masculino,Fotógrafo,2002/01/25,"LOL,CS",FURIA,CBLOL 2024,Não,Não Assisto,Protetor de tela,
70,Lara Ferreira,753.951.824-55,lara.f@email.com,,Feminino,Designer,1998/08/08,FF,LOUD,,Sim,Diariamente,Carregador sem fio,
71,Thales Ribeiro,951.824.753-66,thales.r@email.com,(11) 94567-8901,Masculino,,1993/05/31,"Valorant,Rocket League","MIBR,INTZ",Major Rio 2023,Sim,Eventos Importantes,Suporte para notebook,
72,Isadora Martins,824.753.951-77,isadora.m@email.com,,Feminino,Professora,1991/12/12,CS,FURIA,,Não,Nos fim de semana,Cortina blackout,
73,Vitor Gabriel,753.951.824-88,vitor.g@email.com,(19) 96789-1234,Masculino,Empresário,1987/07/05,"LOL,FF","LOUD,paiN Gaming",,Sim,Diariamente,Kit de viagem,
74,Clara Souza,951.824.753-99,clara.s@email.com,,Feminino,,2005/04/17,Rocket League,Team Liquid,IEM Katowice 2024,Não,Não Assisto,Porta-retratos digital,
75,Luiz Miguel,824.753.951-00,luiz.m@email.com,(21) 93456-7890,Masculino,Estudante,2001/11/19,"Valorant,CS","INTZ,FURIA",,Sim,Eventos Importantes,Mini projetor,
76,Laura Costa,753.951.824-11,laura.c@email.com,,Feminino,Advogada,1996/02/29,FF,LOUD,Campeonato Brasileiro 2024,Sim,Nos fim de semana,Garrafa com filtro,
77,Rafael Pereira,951.824.773-22,rafael.p@email.com,(31) 95678-4321,Masculino,,1999/09/14,LOL,paiN Gaming,,Não,Não Assisto,Suporte para tablet,
78,Heloísa Fernandes,824.753.951-83,heloisa.f@email.com,,Feminino,Enfermeira,1994/06/27,"Rocket League,Valorant","FURIA,MIBR",ESL Pro League S19,Sim,Diariamente,Fone de ouvido sem fio,
79,João Lucas,753.951.824-46,joao.l@email.com,(11) 91234-5678,Masculino,Desenvolvedor,1992/03/08,CS,INTZ,IEM Rio 2024,Sim,Eventos Importantes,Hub multiportas,
80,Valentina Lima,951.824.753-55,valentina.l@email.com,,Feminino,,2003/10/10,"LOL,FF","LOUD,FURIA",,Não,Nos fim de semana,Luminária de cabeceira,
81,Gabriel Moraes,125.456.789-09,gabriel.m@email.com,(11) 98765-4321,Masculino,Streamer,1999/05/21,"LOL,Valorant","FURIA,LOUD",CBLOL 2024,Sim,Diariamente,"Camisa oficial, Mousepad",
82,Sofia Ribeiro,987.684.321-00,sofia.r@email.com,,Feminino,,2000/08/14,Rocket League,INTZ,,Não,Não Assisto,Caneca de cerâmica,
83,Matheus Castro,456.789.123-45,matheus.c@email.com,(21) 93456-7890,Masculino,Designer,1995/11/03,"CS,FF",MIBR,Major Paris 2023,Sim,Eventos Importantes,Headset com mic,
84,Lara Souza,789.123.456-78,lara.s@email.com,,Feminino,Enfermeira,1997/02/28,Valorant,LOUD,IEM Katowice 2024,Sim,Nos fim de semana,Agenda personalizada,
85,Vitor Hugo,321.654.987-99,vitor.h@email.com,(31) 94567-1234,Masculino,,2004/07/12,LOL,paiN Gaming,,Não,Não Assisto,,
86,Ana Lúcia,654.987.321-11,ana.l@email.com,,Feminino,Professora,1993/04/05,FF,FURIA,Campeonato Brasileiro 2024,Sim,Diariamente,Capa de chuva temática,
87,Rafael Martins,159.753.486-22,rafael.m@email.com,(19) 92345-6789,Masculino,Fotógrafo,1988/09/17,"CS,Valorant","INTZ,MIBR",ESL Pro League S19,Sim,Eventos Importantes,Luvas gamer,
88,Marina Oliveira,753.159.486-33,marina.o@email.com,,Feminino,,2001/12/24,Rocket League,LOUD,,Não,Nos fim de semana,Pôster 3D,
89,Felipe Silva,357.951.824-44,felipe.s@email.com,(27) 97894-5612,Masculino,Engenheiro,1996/06/09,"LOL,FF","FURIA,LOUD",IEM Rio 2023,Sim,Diariamente,Power bank,
90,Letícia Costa,951.753.824-57,leticia.c@email.com,,Feminino,Dentista,1994/03/30,Valorant,MIBR,,Não,Não Assisto,Estojo térmico,
91,Enzo Almeida,824.753.951-66,enzo.a@email.com,(31) 95678-4321,Masculino,,2005/10/11,CS,INTZ,ESL Challenger 2024,Sim,Eventos Importantes,Suporte para cadeira,
92,Clara Santos,753.951.824-77,clara.s@email.com,,Feminino,Advogada,1990/01/22,"Rocket League,FF",FURIA,,Sim,Nos fim de semana,Tirante para óculos,
93,Igor Pereira,951.824.753-88,igor.p@email.com,(11) 91234-8765,Masculino,Estudante,2002/07/07,"LOL,Valorant","LOUD,paiN Gaming",,Não,Não Assisto,Adesivo de laptop,
94,Amanda Rocha,824.753.951-91,amanda.r@email.com,,Feminino,,1998/12/31,FF,FURIA,Campeonato Mundial 2024,Sim,Diariamente,Mini ventilador USB,
95,Leonardo Lima,753.951.824-01,leonardo.l@email.com,(19) 96789-1234,Masculino,Desenvolvedor,1991/05/18,CS,MIBR,Major Rio 2024,Sim,Eventos Importantes,Cadeira de camping,
96,Yasmin Fernandes,951.724.753-11,yasmin.f@email.com,,Feminino,Psicóloga,1999/08/13,"Valorant,Rocket League",INTZ,,Não,Nos fim de semana,Porta-chaves LED,
97,Thiago Nunes,834.753.951-22,thiago.n@email.com,(21) 93456-7890,Masculino,,1997/11/26,"LOL,FF","FURIA,LOUD",CBLOL 2024,Sim,Diariamente,Pulseira de identificação,
98,Larissa Gomes,723.951.824-33,larissa.g@email.com,,Feminino,Jornalista,1995/02/14,CS,"INTZ,MIBR",,Não,Não Assisto,Marca-página temático,
99,Pedro Miguel,941.824.753-44,pedro.m@email.com,(31) 94567-8901,Masculino,Empresário,1989/04/09,Rocket League,LOUD,IEM Katowice 2023,Sim,Eventos Importantes,Caixa organizadora,
100,Luana Alves,724.753.951-55,luana.a@email.com,,Feminino,,2003/09/03,Valorant,FURIA,,Sim,Nos fim de semana,,
